{"config":{"lang":["en"],"separator":"[\\s\\-]+","pipeline":["stopWordFilter"]},"docs":[{"location":"Mysql/","title":"Mysql","text":""},{"location":"Mysql/#_1","title":"\u4e00\u3001\u51c6\u5907\u5de5\u4f5c","text":""},{"location":"Mysql/#_2","title":"\u73af\u5883\u914d\u7f6e","text":"<p>\u57fa\u4e8eUbuntu\uff08WLS2\uff09\u5f00\u53d1\u73af\u5883</p>"},{"location":"Mysql/#apt","title":"\u4f7f\u7528 apt \u5305\u7ba1\u7406\u5668\u5b89\u88c5","text":"<pre><code>sudo apt update\nsudo apt upgrade \nsudo apt install mysql-server \n</code></pre>"},{"location":"Mysql/#_3","title":"\u68c0\u9a8c\u662f\u5426\u6210\u529f\u5b89\u88c5","text":"<pre><code>mysql --version\n</code></pre>"},{"location":"Mysql/#mysql","title":"\u542f\u52a8 mysql \u670d\u52a1","text":"<pre><code>service mysql start # \u4ee5 root \u7528\u6237\n</code></pre>"},{"location":"Mysql/#_4","title":"\u7528\u6237\u8bbe\u7f6e","text":""},{"location":"Mysql/#admin","title":"\u521b\u5efa\u4e00\u4e2a <code>admin</code> \u7528\u6237","text":"<pre><code>sudo mysql          # \u4ee5 root \u7528\u6237\u767b\u5f55\n# or\nmysql -u root -p    # \u4ee5 root \u7528\u6237\u767b\u5f55\n</code></pre> <pre><code>mysql&gt; CREATE USER 'admin'@'%' IDENTIFIED BY '123456';\nQuery OK, 0 rows affected (0.02 sec)\n</code></pre> <p>\u8868\u793a\u5141\u8bb8\u7528\u6237 <code>admin</code> \u4ece\u4efb\u610f IP \u4ee5\u5bc6\u7801 <code>123456</code> \u767b\u5f55</p>"},{"location":"Mysql/#_5","title":"\u6743\u9650\u5206\u914d","text":"<p>\u65b0\u521b\u5efa\u7684\u7528\u6237\u662f\u6ca1\u6709\u4efb\u4f55\u6743\u9650\u7684\uff08<code>USAGE</code> \u8868\u793a\u6ca1\u6709\u4efb\u4f55\u6743\u9650\uff09\uff0c\u53ef\u4ee5\u4f7f\u7528 <code>SHOW GRANTS</code> \u8fdb\u884c\u67e5\u8be2</p> <pre><code>mysql&gt; SHOW GRANTS FOR 'admin'@'%';\n+-----------------------------------+\n| Grants for admin@%                |\n+-----------------------------------+\n| GRANT USAGE ON *.* TO `admin`@`%` |\n+-----------------------------------+\n1 row in set (0.00 sec)\n</code></pre> <p>\u4e3a <code>admin</code> \u6dfb\u52a0\u6240\u6709\u6570\u636e\u5e93\u548c\u6570\u636e\u8868\u7684\u6240\u6709\u6743\u9650</p> <pre><code>mysql&gt; GRANT ALL PRIVILEGES ON *.* TO 'admin'@'%';\nQuery OK, 0 rows affected (0.01 sec)\n</code></pre>"},{"location":"Mysql/#_6","title":"\u7528\u6237\u767b\u5f55","text":"<p>\u4f7f\u7528 <code>exit</code> \u8bed\u53e5\u6216\u8005\u4f7f\u7528 <code>Ctrl-D</code> \u5373\u53ef\u9000\u51fa\u767b\u5f55</p> <pre><code>mysql&gt; exit\nBye\n</code></pre> <p>\u7528\u547d\u4ee4\u884c\u767b\u5f55 <code>admin</code></p> <pre><code>mysql -u admin -p   # \u4e4b\u540e\u8f93\u5165\u5bc6\u7801\u5373\u53ef\u767b\u5f55\n</code></pre> <p>\u6216\u8005\u4f7f\u7528</p> <pre><code>mysql -u admin -p123456\n</code></pre> <p>\u4e5f\u53ef\u76f4\u63a5\u767b\u5f55\uff0c\u4f46\u662f\u4f1a\u5728 shell \u7684\u5386\u53f2\u8bb0\u5f55\u4e2d\u7559\u4e0b\u5bc6\u7801\u7684\u660e\u6587\u8bb0\u5f55\uff0c\u56e0\u6b64\u4e0d\u63a8\u8350\u5728\u670d\u52a1\u5668\u4e2d\u4f7f\u7528</p> <pre><code>cat .bash_history   # .zsh_history \u7b49\n</code></pre>"},{"location":"Mysql/#sql","title":"\u4e8c\u3001SQL\u5165\u95e8","text":""},{"location":"Mysql/#sql_1","title":"SQL\u8bed\u8a00\u7279\u6027","text":"<ul> <li> <p>\u811a\u672c\u8bed\u8a00\uff08\u7c7b\u4f3c Python\uff09\uff1a\u53ef\u4ee5\u4ea4\u4e92\u6267\u884c\u4e5f\u53ef\u4ee5\u4e8b\u5148\u5199\u597d\u540e\u4e00\u6b21\u6027\u6267\u884c</p> </li> <li> <p>\u5f31\u7c7b\u578b\uff1a\u5982</p> </li> </ul> <pre><code>mysql&gt; SELECT 1 + \"1\";\n+---------+\n| 1 + \"1\" |\n+---------+\n|       2 |\n+---------+\n1 row in set (0.00 sec)\n</code></pre> <ul> <li>\u5173\u952e\u5b57\u4e0d\u533a\u5206\u5927\u5c0f\u5199\uff1b\u800c\u6570\u636e\u5e93\u540d\uff0c\u8868\u540d\uff0c\u5b57\u6bb5\u540d\u7b49\u533a\u5206\u5927\u5c0f\u5199\uff1a\u5982</li> </ul> <pre><code>mysql&gt; cReAtE dAtAbAsE hello;\nQuery OK, 1 row affected (0.03 sec)\n\nmysql&gt; cReAtE dAtAbAsE Hello;\nQuery OK, 1 row affected (0.02 sec)\n</code></pre> <p>\u5206\u522b\u521b\u5efa\u4e86 <code>hello</code> \u548c <code>Hello</code> \u4e24\u4e2a\u6570\u636e\u5e93\u3002</p> <p>\u5f53\u51fa\u73b0\u6570\u636e\u5e93\u540d\uff0c\u8868\u540d\uff0c\u5b57\u6bb5\u540d\u4e0e\u5173\u952e\u5b57\u91cd\u590d\u65f6\uff0c\u9700\u8981\u4f7f\u7528\u53cd\u5f15\u53f7`\u5c06\u5176\u5305\u88f9</p> <p>\u4e3a\u4e86\u7f8e\u89c2\u4e0e\u53ef\u8bfb\u6027\uff0c\u5efa\u8bae\u5173\u952e\u5b57\u7edf\u4e00\u4f7f\u7528\u5927\u5199\u8868\u793a</p>"},{"location":"Mysql/#_7","title":"\u6570\u636e\u7c7b\u578b","text":"<p>MySQL \u652f\u6301\u7684\u7c7b\u578b\u5927\u81f4\u53ef\u4ee5\u5206\u4e3a\u6570\u503c\u3001\u65e5\u671f/\u65f6\u95f4\u548c\u5b57\u7b26\u4e32\u4e09\u7c7b\uff0c\u5728\u6b64\u4ec5\u5217\u4e3e\u5e38\u7528\u7684\u7c7b\u578b</p>"},{"location":"Mysql/#_8","title":"\u6570\u503c\u7c7b\u578b","text":"<ul> <li> <p>INT\uff1a4 bytes\uff0c$[\u22122^{31}, 2^{31}\u22121]$</p> </li> <li> <p>BIGINT\uff1a8 bytes\uff0c$[\u22122^{63}, 2^{63}\u22121]$</p> </li> <li> <p>FLOAT\uff1a4 bytes</p> </li> <li> <p>DOUBLE\uff1a8 bytes</p> </li> </ul> <p>\u53ef\u4f7f\u7528 <code>UNSIGEND</code> \u5173\u952e\u5b57\u6765\u8868\u793a\u65e0\u7b26\u53f7\u7c7b\u578b\uff0c\u4ee5\u8868\u793a\u66f4\u5927\u7684\u8303\u56f4\uff0c\u5982</p> <pre><code>CREATE TABLE your_table (\n    your_column INT UNSIGNED\n);\n</code></pre>"},{"location":"Mysql/#_9","title":"\u5b57\u7b26\u4e32\u7c7b\u578b","text":"<ul> <li> <p>CHAR\uff1a\u5b9a\u957f\u5b57\u7b26\u4e32\uff0c256 bytes\uff0c\u957f\u5ea6\u53d6\u503c\u8303\u56f4\u4e3a $[0,255]$ \u4e2a\u5b57\u7b26</p> </li> <li> <p>VARCHAR\uff1a\u53d8\u957f\u5b57\u7b26\u4e32\uff0c\u957f\u5ea6\u53d6\u503c\u8303\u56f4\u4e3a $[0,65535]$ \u4e2a\u5b57\u7b26</p> </li> </ul>"},{"location":"Mysql/#_10","title":"\u65e5\u671f/\u65f6\u95f4\u7c7b\u578b","text":"<ul> <li>TIMESTAMP\uff1a\u65f6\u95f4\u6233\uff0c\u5f62\u5f0f\u4e3a <code>YYYY-MM-DD hh:mm:ss</code>\uff0c4 bytes\uff0c\u8303\u56f4\u4e3a [1970\u221201\u22120100:00:01 UTC, 2038\u221201\u22121903:14:07 UTC]\uff0c\u5e38\u89c1\u7684\u5199\u6cd5\u6709</li> </ul> <pre><code>CREATE TABLE your_table (\n    ...\n    event_time TIMESTAMP DEFAULT CURRENT_TIMESTAMP ON UPDATE CURRENT_TIMESTAMP\n);\n</code></pre> <p>\u7279\u522b\u7684\uff0c<code>NULL</code> \u8868\u793a\u7a7a\u503c\uff08\u4e0e <code>0</code> \u548c <code>''</code> \u4f5c\u533a\u5206\uff09</p> <p>\u4f46\u5b57\u6bb5\u5728\u8bbe\u7f6e\u65f6\u5e94\u5c3d\u91cf\u907f\u514d\u5141\u8bb8\u4e3a <code>NULL</code>\uff0c\u8fd9\u6837\u53ef\u4ee5\u7b80\u5316\u67e5\u8be2\u6761\u4ef6\uff0c\u52a0\u5feb\u67e5\u8be2\u901f\u5ea6\uff0c\u4e5f\u5229\u4e8e\u5e94\u7528\u7a0b\u5e8f\u8bfb\u53d6\u6570\u636e\u540e\u65e0\u9700\u5224\u65ad\u5176\u662f\u5426\u4e3a <code>NULL</code></p>"},{"location":"Mysql/#_11","title":"\u4e3b\u952e\uff0c\u5916\u952e\u4e0e\u7d22\u5f15","text":""},{"location":"Mysql/#_12","title":"\u4e3b\u952e","text":"<p>\u5173\u7cfb\u578b\u6570\u636e\u5e93\u8981\u6c42\u540c\u4e00\u5f20\u6570\u636e\u8868\u4e2d\u7684\u4efb\u610f\u4e24\u6761\u8bb0\u5f55\u4e0d\u5f97\u91cd\u590d\uff0c\u8981\u6c42\u80fd\u901a\u8fc7\u67d0\u5b57\u6bb5\u552f\u4e00\u533a\u5206\u51fa\u4e0d\u540c\u7684\u8bb0\u5f55\uff0c\u8be5\u5b57\u6bb5\u79f0\u4e3a\u4e3b\u952e\u3002\u5e38\u89c1\u7684\u53ef\u4f5c\u4e3a\u4e3b\u952e\u5b57\u6bb5\u7684\u7c7b\u578b\u6709</p> <ul> <li>\u81ea\u589e\u6574\u6570\u7c7b\u578b</li> <li>\u5168\u5c40\u552f\u4e00 GUID \u7c7b\u578b\uff1a\u4f7f\u7528 GUID \u7b97\u6cd5\u751f\u6210\u4e00\u4e2a\u5168\u5c40\u552f\u4e00\u7684\u5b57\u7b26\u4e32</li> </ul> <p>\u6ce8\u610f\uff0c\u5c3d\u7ba1\u53ea\u8981\u6211\u4eec\u4fdd\u8bc1\u67d0\u4e00\u5b57\u6bb5\u4e0d\u91cd\u590d\uff0c\u4fbf\u53ef\u4ee5\u5c06\u5176\u4f5c\u4e3a\u4e3b\u952e\uff0c\u4f46\u6211\u4eec\u4e0d\u63a8\u8350\u5c06\u4e1a\u52a1\u76f8\u5173\u7684\u5b57\u6bb5\u4f5c\u4e3a\u4e3b\u952e\uff0c\u8fd9\u4e3b\u8981\u65f6\u9632\u6b62\u5f53\u5176\u9700\u8981\u53d8\u66f4\u65f6\u51fa\u73b0\u5173\u7cfb\u4e0a\u7684\u9519\u8bef</p> <p>\u4f8b\u5982\uff0c\u82e5\u6211\u4eec\u5c06\u8bfe\u7a0b\u7684\u8bfe\u7a0b\u53f7 <code>cid</code> \u4f5c\u4e3a\u4e3b\u952e\uff0c\u5c3d\u7ba1\u5176\u662f\u552f\u4e00\u7684\uff0c\u4f46\u5047\u5982\u8bfe\u7a0b\u7684\u8bfe\u7a0b\u53f7\u53d1\u751f\u6539\u53d8\uff0c\u6216\u8005\u5176\u4f4d\u6570\u9700\u8981\u589e\u52a0\uff0c\u90a3\u4e48\u5728\u4fee\u6539\u65f6\u6211\u4eec\u8fd8\u5fc5\u987b\u540c\u65f6\u4fee\u6539 <code>Association</code> \u8868\u4e2d\u7684\u5185\u5bb9\uff0c\u5e76\u4e14\u8981\u786e\u4fdd\u6ca1\u6709\u91cd\u590d\u7684\u503c\u6216\u8005\u786e\u4fdd\u5728\u8fc1\u79fb\u6570\u636e\u65f6\u5904\u7406\u4e86\u91cd\u590d\u503c\u7684\u60c5\u51b5</p> <p>\u9664\u53bb\u5c06\u5355\u4e00\u5b57\u6bb5\u4f5c\u4e3a\u4e3b\u952e\u5916\uff0c\u6211\u4eec\u8fd8\u53ef\u4ee5\u4f7f\u7528\u8054\u5408\u4e3b\u952e\uff0c\u5373\u7528\u591a\u4e2a\u5b57\u6bb5\u540c\u65f6\u552f\u4e00\u786e\u5b9a\u67d0\u4e00\u6761\u8bb0\u5f55</p>"},{"location":"Mysql/#_13","title":"\u5916\u952e","text":"<p>\u4e0e\u4e3b\u952e\u7c7b\u4f3c\uff0c\u5916\u952e\u4e5f\u662f\u4e00\u79cd\u7ea6\u675f\u6027\u8d28\uff0c\u5728 <code>Association</code> \u6570\u636e\u8868\u4e2d\uff0c<code>student_id</code> \u548c <code>course_id</code> \u5206\u522b\u5916\u94fe\u5230 <code>Students</code> \u548c <code>Courses</code> \u4e24\u5f20\u6570\u636e\u8868\u4e2d\u7684 <code>id</code> \u5c5e\u6027\u3002\u901a\u8fc7\u5b9a\u4e49\u5916\u952e\u7ea6\u675f\uff0c\u5173\u7cfb\u578b\u6570\u636e\u5e93\u53ef\u4ee5\u4fdd\u8bc1\u65e0\u6cd5\u63d2\u5165\u65e0\u6548\u7684\u6570\u636e\uff0c\u5373\u65e0\u6cd5\u63d2\u5165\u5728 <code>Students</code> \u8868\u6216 <code>Courses</code> \u8868\u4e2d\u4e0d\u5b58\u5728\u7684 <code>id</code>\u53f7</p> <p>\u7136\u800c\uff0c\u5916\u952e\u7ea6\u675f\u4f1a\u964d\u4f4e\u6570\u636e\u5e93\u7684\u6027\u80fd\uff0c\u6240\u4ee5\u5728\u5e94\u7528\u7a0b\u5e8f\u53ef\u4ee5\u4fdd\u8bc1\u903b\u8f91\u6b63\u786e\u6027\u7684\u524d\u63d0\u4e0b\uff0c\u6211\u4eec\u53ef\u4ee5\u4e0d\u8bbe\u7f6e\u5916\u952e\u7ea6\u675f\u3002\u6b64\u65f6 <code>student_id</code> \u548c <code>course_id</code> \u53ea\u662f\u4e24\u4e2a\u666e\u901a\u7684\u5b57\u6bb5\uff0c\u4f46\u662f\u5176\u5728\u4f7f\u7528\u903b\u8f91\u4e0a\u8d77\u5230\u4e86\u5916\u952e\u7684\u4f5c\u7528</p>"},{"location":"Mysql/#_14","title":"\u7d22\u5f15","text":"<p>\u5728\u6c49\u8bed\u8bcd\u5178\u4e2d\uff0c\u6211\u4eec\u53ef\u4ee5\u6309\u7167\u62fc\u97f3\u3001\u7b14\u753b\u3001\u504f\u65c1\u90e8\u9996\u7b49\u65b9\u5f0f\u8fdb\u884c\u7d22\u5f15\uff0c\u901a\u8fc7\u8fd9\u4e9b\u65b9\u5f0f\u8fdb\u884c\u7d22\u5f15\u901a\u5e38\u53ef\u4ee5\u83b7\u5f97\u66f4\u5feb\u7684\u68c0\u7d22\u901f\u5ea6</p> <p>\u201c\u7d22\u5f15\u201d\u8fd9\u4e00\u6982\u5ff5\u5bf9\u4e8e\u6570\u636e\u8868\u4e5f\u662f\u8fd9\u6837\u3002\u5018\u82e5\u6211\u4eec\u4e3a\u67d0\u4e00\u4e2a\u5b57\u6bb5\u5efa\u7acb\u4e86\u7d22\u5f15\uff08\u4e3a\u67d0\u79cd\u65b9\u5f0f\u5728\u8bcd\u5178\u4e2d\u5efa\u7acb\u4e86\u76ee\u5f55\uff09\uff0c\u90a3\u4e48\u5728\u901a\u8fc7\u8fd9\u4e00\u5b57\u6bb5\u8fdb\u884c\u68c0\u7d22\u65f6\u4fbf\u901a\u5e38\u53ef\u4ee5\u83b7\u5f97\u66f4\u5feb\u7684\u67e5\u8be2\u901f\u5ea6\u3002\u5173\u7cfb\u578b\u6570\u636e\u5e93\u4f1a\u81ea\u52a8\u4e3a\u4e3b\u952e\u5efa\u7acb\u7d22\u5f15\uff0c\u7531\u4e8e\u4e3b\u952e\u4f1a\u4fdd\u8bc1\u7edd\u5bf9\u552f\u4e00\uff0c\u56e0\u6b64\u91c7\u7528\u4e3b\u952e\u7d22\u5f15\u5f80\u5f80\u662f\u6548\u7387\u6700\u9ad8\u7684\u3002\u5bf9\u4e8e\u5176\u4ed6\u5b57\u6bb5\uff0c\u5f53\u5176\u91cd\u590d\u9879\u4e0d\u591a\u4e14\u5e38\u5e38\u4f9d\u8d56\u5176\u8fdb\u884c\u67e5\u8be2\u65f6\uff0c\u6211\u4eec\u4e5f\u53ef\u4ee5\u8003\u8651\u4e3a\u5176\u521b\u5efa\u7d22\u5f15\uff0c\u4f8b\u5982 <code>Studens</code> \u8868\u4e2d\u7684 <code>sid</code> \u548c <code>Courses</code> \u8868\u4e2d\u7684 <code>cid</code></p> <p>\u7136\u800c\uff0c\u7531\u4e8e\u5728\u63d2\u5165\u3001\u66f4\u65b0\u548c\u5220\u9664\u8bb0\u5f55\u65f6\uff0c\u9700\u8981\u540c\u65f6\u4fee\u6539\u7d22\u5f15\uff0c\u56e0\u6b64\u7d22\u5f15\u4f1a\u51cf\u6162\u63d2\u5165\u3001\u66f4\u65b0\u548c\u5220\u9664\u8bb0\u5f55\u7684\u901f\u5ea6</p>"},{"location":"Mysql/#_15","title":"\u6570\u636e\u5e93\u548c\u6570\u636e\u8868\u64cd\u4f5c","text":""},{"location":"Mysql/#create","title":"CREATE","text":"<ul> <li>\u521b\u5efa\u65b0\u7684\u6570\u636e\u5e93\uff0c\u7136\u540e\u4f7f\u7528\u5b83</li> </ul> <pre><code>CREATE DATABASE summer;\n\nUSE summer;\n</code></pre> <ul> <li>\u521b\u5efa\u8bfe\u7a0b\u6982\u8ff0\u4e2d\u6240\u8ff0\u95ee\u9898\u6240\u9700\u7684\u6570\u636e\u8868</li> </ul> <pre><code>CREATE TABLE Students (\n    id INT AUTO_INCREMENT PRIMARY KEY,\n    sid CHAR(10) NOT NULL UNIQUE,\n    name VARCHAR(255) NOT NULL,\n    major VARCHAR(255) NOT NULL\n);\n\nCREATE TABLE Courses (\n    id INT AUTO_INCREMENT PRIMARY KEY,\n    cid VARCHAR(8) NOT NULL UNIQUE,\n    title VARCHAR(255) NOT NULL,\n    credit INT NOT NULL,\n    time VARCHAR(255)\n);\n\nCREATE TABLE Association (\n    id INT AUTO_INCREMENT PRIMARY KEY,\n    student_id INT,\n    course_id INT,\n    grade CHAR(2),\n    CONSTRAINT fk_student_id FOREIGN KEY (student_id) REFERENCES Students(id),\n    CONSTRAINT fk_course_id FOREIGN KEY (course_id) REFERENCES Courses(id)\n);\n</code></pre> <ul> <li>\u67e5\u770b\u5f53\u524d\u6570\u636e\u5e93\u4e2d\u7684\u6240\u6709\u6570\u636e\u8868</li> </ul> <pre><code>mysql&gt; SHOW TABLES;\n+------------------+\n| Tables_in_summer |\n+------------------+\n| Association      |\n| Courses          |\n| Students         |\n+------------------+\n3 rows in set (0.00 sec)\n</code></pre> <ul> <li>\u53ef\u4ee5\u7528 <code>DESC</code> \uff08Describe\uff09\u8bed\u53e5\u67e5\u770b\u8868\u7684\u5b57\u6bb5\u60c5\u51b5</li> </ul> <pre><code>mysql&gt; DESC Association;\n+------------+---------+------+-----+---------+----------------+\n| Field      | Type    | Null | Key | Default | Extra          |\n+------------+---------+------+-----+---------+----------------+\n| id         | int     | NO   | PRI | NULL    | auto_increment |\n| student_id | int     | YES  | MUL | NULL    |                |\n| course_id  | int     | YES  | MUL | NULL    |                |\n| grade      | char(2) | YES  |     | NULL    |                |\n+------------+---------+------+-----+---------+----------------+\n4 rows in set (0.00 sec)\n</code></pre>"},{"location":"Mysql/#alter","title":"ALTER","text":"<p><code>ALTER</code> \u8bed\u53e5\u7528\u4e8e\u7ed9\u6570\u636e\u8868\u6dfb\u52a0\u3001\u5220\u9664\u5b57\u6bb5\uff0c\u4fee\u6539\u5b57\u6bb5\u7684\u7c7b\u578b\u6216\u5c5e\u6027\uff0c\u5982</p> <pre><code>ALTER TABLE Students\nADD gender VARCHAR(10); -- \u6dfb\u52a0\u5b57\u6bb5\n\nALTER TABLE Students\nDROP COLUMN gender; -- \u5220\u9664\u5b57\u6bb5\n\nALTER TABLE Students\nMODIFY COLUMN sid CHAR(20); -- \u4fee\u6539\u5b57\u6bb5\n\nALTER TABLE Students\nADD INDEX idx_sid (sid); -- \u5efa\u7acb\u7d22\u5f15\n\nALTER TABLE Association\nDROP FOREIGN KEY fk_student_id; -- \u5220\u9664\u5916\u952e\n</code></pre>"},{"location":"Mysql/#drop","title":"DROP","text":"<p>\u5220\u8868\u4e0e\u5220\u5e93\uff0c\u5982</p> <pre><code>mysql&gt; DROP TABLE Students;\nQuery OK, 0 rows affected (0.02 sec)\n\nmysql&gt; DROP DATABASE summer;\nQuery OK, 2 rows affected (0.03 sec)\n\nmysql&gt; SHOW DATABASES;\n+--------------------+\n| Database           |\n+--------------------+\n| Hello              |\n| hello              |\n| information_schema |\n| mysql              |\n| performance_schema |\n| sys                |\n+--------------------+\n6 rows in set (0.00 sec)\n\nmysql&gt; SELECT DATABASE(); -- \u67e5\u770b\u5f53\u524d\u4f4d\u4e8e\u7684\u6570\u636e\u5e93\u540d\u79f0\uff0c NULL \u8868\u793a\u6ca1\u6709\u9009\u62e9\u4efb\u4f55\u6570\u636e\u96c6\n+------------+\n| DATABASE() |\n+------------+\n| NULL       |\n+------------+\n1 row in set (0.00 sec)\n</code></pre>"},{"location":"Mysql/#insert","title":"INSERT","text":"<pre><code>INSERT [LOW_PRIORITY | DELAYED | HIGH_PRIORITY] [IGNORE]\n    [INTO] tbl_name\n    [PARTITION (partition_name [, partition_name] ...)]\n    [(col_name [, col_name] ...)]\n    { {VALUES | VALUE} (value_list) [, (value_list)] ... }\n    [AS row_alias[(col_alias [, col_alias] ...)]]\n    [ON DUPLICATE KEY UPDATE assignment_list]\n\nINSERT [LOW_PRIORITY | DELAYED | HIGH_PRIORITY] [IGNORE]\n    [INTO] tbl_name\n    [PARTITION (partition_name [, partition_name] ...)]\n    SET assignment_list\n    [AS row_alias[(col_alias [, col_alias] ...)]]\n    [ON DUPLICATE KEY UPDATE assignment_list]\n\nINSERT [LOW_PRIORITY | HIGH_PRIORITY] [IGNORE]\n    [INTO] tbl_name\n    [PARTITION (partition_name [, partition_name] ...)]\n    [(col_name [, col_name] ...)]\n    { SELECT ... \n      | TABLE table_name \n      | VALUES row_constructor_list\n    }\n    [ON DUPLICATE KEY UPDATE assignment_list]\n\nvalue:\n    {expr | DEFAULT}\n\nvalue_list:\n    value [, value] ...\n\nrow_constructor_list:\n    ROW(value_list)[, ROW(value_list)][, ...]\n\nassignment:\n    col_name = \n          value\n        | [row_alias.]col_name\n        | [tbl_name.]col_name\n        | [row_alias.]col_alias\n\nassignment_list:\n    assignment [, assignment] ...\n</code></pre> <p>\u5047\u8bbe\u6211\u4eec\u5df2\u7ecf\u521b\u5efa\u4e86\u4e0a\u8ff0\u4e09\u5f20\u8868\uff0c\u90a3\u4e48\u6211\u4eec\u4fbf\u53ef\u4ee5\u4f7f\u7528 <code>INSERT INTO</code> \u6765\u5411\u8fd9\u4e9b\u7a7a\u8868\u4e2d\u63d2\u5165\u6570\u636e</p> <pre><code>INSERT INTO Students VALUES (0, '2023000000', 'Alice', 'Computer Science');\n</code></pre> <p>\u4e5f\u53ef\u4ee5\u6307\u5b9a\u5b57\u6bb5\u540d</p> <pre><code>INSERT INTO Students (sid, name, major)\nVALUES ('2023000002', 'Bob', 'EE');\n</code></pre> <p>\u6ca1\u6709\u6307\u5b9a\u503c\u5f97\u5b57\u6bb5\u5c06\u9ed8\u8ba4\u88ab\u5206\u914d <code>NULL</code> \u6216 <code>DEFAULT</code> \u503c\uff0c\u5982\u679c\u5b57\u6bb5\u53c8 <code>NOT NULL</code> \u5c5e\u6027\uff0c\u5219\u4f1a\u5f15\u53d1\u9519\u8bef</p> <p>\u4e5f\u53ef\u4ee5\u4e00\u6b21\u6027\u63d2\u5165\u591a\u6761\u8bb0\u5f55</p> <pre><code>INSERT INTO Students (sid, name, major) VALUES\n('2023000003', 'Carol', 'CS'),\n('2023000004', 'Eve', 'CS');\n</code></pre> <p>\u4e3a\u4e86\u6211\u4eec\u540e\u7eed\u7684\u5b66\u4e60\uff0c\u6211\u4eec\u53ef\u4ee5\u63d2\u5165\u4e00\u4e9b\u9884\u7f6e</p> <pre><code>mysql&gt; DROP TABLE Association;\nmysql&gt; TRUNCATE TABLE Students; -- \u6e05\u7a7a Students \u6570\u636e\u8868\uff0c\u91cd\u7f6e\u81ea\u589e\u53d8\u91cf\nmysql&gt; exit;\n</code></pre> <p>\u5728 shell \u4e2d\u6267\u884c</p> <pre><code>curl -fsSL https://cloud.tsinghua.edu.cn/f/b8d1f041d9174890bc60/\\?dl\\=1 -o summer.sql\n</code></pre> <p>\u7136\u540e\u8fdb\u5165 mysql \u547d\u4ee4\u884c</p> <pre><code>mysql&gt; USE summer;\nmysql&gt; source &lt;file path&gt;/summer.sql;\n</code></pre> <p>\u82e5\u6267\u884c</p> <pre><code>mysql&gt; SELECT COUNT(*) from Students;\n+----------+\n| COUNT(*) |\n+----------+\n|       50 |\n+----------+\n1 row in set (0.00 sec)\n</code></pre> <p>\u5219\u8bf4\u660e\u5bfc\u5165\u6210\u529f</p>"},{"location":"Mysql/#select","title":"SELECT","text":"<pre><code>SELECT\n    [ALL | DISTINCT | DISTINCTROW ]\n    [HIGH_PRIORITY]\n    [STRAIGHT_JOIN]\n    [SQL_SMALL_RESULT] [SQL_BIG_RESULT] [SQL_BUFFER_RESULT]\n    [SQL_NO_CACHE] [SQL_CALC_FOUND_ROWS]\n    select_expr [, select_expr] ...\n    [into_option]\n    [FROM table_references\n      [PARTITION partition_list]]\n    [WHERE where_condition]\n    [GROUP BY {col_name | expr | position}, ... [WITH ROLLUP]]\n    [HAVING where_condition]\n    [WINDOW window_name AS (window_spec)\n        [, window_name AS (window_spec)] ...]\n    [ORDER BY {col_name | expr | position}\n      [ASC | DESC], ... [WITH ROLLUP]]\n    [LIMIT {[offset,] row_count | row_count OFFSET offset}]\n    [into_option]\n    [FOR {UPDATE | SHARE}\n        [OF tbl_name [, tbl_name] ...]\n        [NOWAIT | SKIP LOCKED]\n      | LOCK IN SHARE MODE]\n    [into_option]\n\ninto_option: {\n    INTO OUTFILE 'file_name'\n        [CHARACTER SET charset_name]\n        export_options\n  | INTO DUMPFILE 'file_name'\n  | INTO var_name [, var_name] ...\n}\n</code></pre> <ul> <li>\u66b4\u529b\u5730\u53d6\u51fa\u6574\u5f20\u8868</li> </ul> <pre><code>SELECT * FROM Courses;\n</code></pre> <p>\u5728\u751f\u4ea7\u73af\u5883\u4e2d\u4f7f\u7528\u8be5\u64cd\u4f5c\u5e94\u8c28\u614e\uff0c\u56e0\u4e3a\u82e5\u8bb0\u5f55\u7279\u522b\u591a\u6216\u67d0\u4e2a\u5b57\u6bb5\u7279\u522b\u957f\uff0c\u8fd9\u5c06\u6d88\u8017\u5927\u91cf\u7684\u7f51\u7edc\u4f20\u8f93\u548c\u5185\u5b58\u6d88\u8017\uff0c\u4e14\u53ef\u80fd\u51fa\u73b0\u6570\u636e\u66b4\u9732\u7b49\u95ee\u9898</p> <ul> <li>\u67e5\u770b\u6307\u5b9a\u7684\u5217</li> </ul> <pre><code>SELECT id, title, credit FROM Courses;\n</code></pre> <ul> <li>\u53ef\u4ee5\u4f7f\u7528 <code>WHERE</code> \u8fdb\u884c\u7b5b\u9009</li> </ul> <pre><code>SELECT * FROM Courses WHERE time = '2023-Spring' AND credit &gt; 1;\n</code></pre> <p>\u663e\u793a\u6240\u6709\u5f00\u8bfe\u65f6\u95f4\u4e3a 2023-Spring \u4e14\u5b66\u5206\u5927\u4e8e 1 \u7684\u8bfe\u7a0b</p> <ul> <li>\u5728\u4f7f\u7528 <code>WHERE</code> \u8fdb\u884c\u8fc7\u6ee4\u65f6\u53ef\u4ee5\u6307\u5b9a\u8303\u56f4</li> </ul> <pre><code>SELECT * FROM Courses WHERE credit IN (1, 2);\n</code></pre> <p>\u663e\u793a\u5b66\u5206\u4e3a 1 \u6216 2 \u7684\u8bfe\u7a0b</p> <ul> <li>\u53ef\u4ee5\u4f7f\u7528 <code>LIKE</code> \u8fdb\u884c\u6a21\u7cca\u5339\u914d</li> </ul> <pre><code>SELECT * FROM Courses WHERE time LIKE '2022%';\n</code></pre> <p>\u663e\u793a\u6240\u6709\u4e0a\u8bfe\u65f6\u95f4\u5728 2022 \u5e74\u7684\u8bfe\u7a0b</p> <ul> <li>\u53ef\u4ee5\u4f7f\u7528 <code>ISNULL</code> \u6765\u67e5\u627e\u67d0\u4e2a\u5b57\u6bb5\u6ca1\u6709\u6570\u636e\u7684\u8bb0\u5f55</li> </ul> <pre><code>SELECT * FROM Association WHERE ISNULL(grade);\n</code></pre> <p>\u663e\u793a\u6240\u6709\u6ca1\u6709\u767b\u8bb0\u5206\u6570\u7684\u9009\u8bfe\u8bb0\u5f55</p> <p>\u6ce8\u610f\u4e0d\u80fd\u4f7f\u7528 <code>grade = NULL</code> \u6765\u5224\u65ad\u662f\u5426\u4e3a <code>NULL</code></p> <p>\u5224\u65ad\u975e\u7a7a\u53ef\u4ee5\u4f7f\u7528 <code>NOT INSULL(&lt;column_name&gt;)</code></p> <ul> <li>\u67e5\u770b\u5171\u6709\u591a\u5c11\u6761\u8bb0\u5f55</li> </ul> <pre><code>SELECT COUNT(*) FROM Association;\n</code></pre> <p>\u7c7b\u4f3c\u7684\u53ef\u4ee5\u67e5\u770b\u6700\u5927\u503c <code>MAX</code> \uff0c\u6700\u5c0f\u503c <code>MIN</code> \uff0c\u5408 <code>SUM</code> \uff0c\u5e73\u5747\u503c <code>AVG</code> </p> <ul> <li>\u6839\u636e\u4e00\u4e2a\u6216\u591a\u4e2a\u5217\u5bf9\u7ed3\u679c\u96c6\u8fdb\u884c\u5206\u7ec4</li> </ul> <pre><code>mysql&gt; SELECT grade, COUNT(*) FROM Association GROUP BY grade;\n+-------+----------+\n| grade | COUNT(*) |\n+-------+----------+\n| NULL  |      236 |\n| F     |       27 |\n| C     |       16 |\n| D     |       19 |\n| B+    |       18 |\n| C+    |       18 |\n| A-    |       24 |\n| C-    |       26 |\n| A+    |       25 |\n| D+    |       18 |\n| A     |       14 |\n| B     |       11 |\n| B-    |       20 |\n+-------+----------+\n13 rows in set (0.00 sec)\n</code></pre> <p>\u663e\u793a\u5728\u6240\u6709\u8bfe\u7a0b\u4e2d\u4e0d\u540c\u7684\u7b49\u7ea7\u5206\u522b\u6709\u591a\u5c11\u4eba</p> <p>\u5728\u67e5\u8be2\u4e2d\uff0c\u6211\u4eec\u53ef\u4ee5\u7ed9\u5b57\u6bb5\u3001\u8868\u3001\u548c\u67e5\u8be2\u8d4b\u4e88\u4e00\u4e2a\u4e34\u65f6\u7684\uff0c\u4ec5\u5728\u8fd9\u6b21\u67e5\u8be2\u4e2d\u4f7f\u7528\u7684\u540d\u79f0</p> <p>\u4f8b\u5982\u5bf9\u4e8e\u4e0a\u9762\u7684\u67e5\u8be2\uff0c\u6211\u4eec\u7ed9 <code>COUNT(*)</code> \u4e00\u4e2a\u4e34\u65f6\u540d\u79f0 <code>student_count</code></p> <pre><code>mysql&gt; SELECT grade, COUNT(*) student_count FROM Association GROUP BY grade;\n+-------+---------------+\n| grade | student_count |\n+-------+---------------+\n| NULL  |           236 |\n| F     |            27 |\n| C     |            16 |\n| D     |            19 |\n| B+    |            18 |\n| C+    |            18 |\n| A-    |            24 |\n| C-    |            26 |\n| A+    |            25 |\n| D+    |            18 |\n| A     |            14 |\n| B     |            11 |\n| B-    |            20 |\n+-------+---------------+\n13 rows in set (0.00 sec)\n</code></pre> <p>\u5728 <code>GROUP BY</code> \u65f6\uff0c\u4f60\u901a\u5e38\u4e0d\u80fd\u9009\u62e9\u6ca1\u6709\u53d7\u5230 <code>GROUP BY</code> \u4fee\u9970\u7684\u5b57\u6bb5</p> <ul> <li>\u5bf9\u805a\u5408\u7b97\u5b50\u7684\u7ed3\u679c\u8fdb\u884c\u8fc7\u6ee4</li> </ul> <pre><code>mysql&gt; SELECT grade, COUNT(*) FROM Association GROUP BY grade HAVING COUNT(*) &gt; 20;\n+-------+----------+\n| grade | COUNT(*) |\n+-------+----------+\n| NULL  |      236 |\n| F     |       27 |\n| A-    |       24 |\n| C-    |       26 |\n| A+    |       25 |\n+-------+----------+\n5 rows in set (0.00 sec)\n</code></pre> <ul> <li>\u5bf9\u67e5\u8be2\u7ed3\u679c\u6392\u5e8f</li> </ul> <pre><code>SELECT title, credit FROM Courses ORDER BY credit;\n</code></pre> <p>\u663e\u793a\u5bf9\u8bfe\u7a0b\u7684\u5b66\u5206\u8fdb\u884c\u6392\u5e8f\u7684\u7ed3\u679c</p> <p>\u9ed8\u8ba4\u7ed3\u679c\u4e3a\u5347\u5e8f\uff0c\u6211\u4eec\u4e5f\u53ef\u4ee5\u89c4\u5b9a\u964d\u5e8f</p> <pre><code>SELECT title, credit FROM Courses ORDER BY credit DESC;\n</code></pre> <p>\u4e5f\u53ef\u4ee5\u5bf9\u591a\u4e2a\u5b57\u6bb5\u6392\u5e8f</p> <pre><code>SELECT title, credit FROM Courses ORDER BY credit DESC, title ASC;\n</code></pre> <p>\u663e\u793a\u4f18\u5148\u6309\u7167\u5b66\u5206\u964d\u5e8f\uff0c\u518d\u6309\u7167\u8bfe\u7a0b\u540d\u5347\u5e8f\u7684\u7ed3\u679c</p> <p>\u4e5f\u53ef\u4ee5\u5bf9 <code>GROUP BY</code> \u7684\u7ed3\u679c\u6392\u5e8f</p> <pre><code>mysql&gt; SELECT grade, COUNT(*) student_count FROM Association GROUP BY grade ORDER BY student_count;\n+-------+---------------+\n| grade | student_count |\n+-------+---------------+\n| B     |            11 |\n| A     |            14 |\n| C     |            16 |\n| B+    |            18 |\n| C+    |            18 |\n| D+    |            18 |\n| D     |            19 |\n| B-    |            20 |\n| A-    |            24 |\n| A+    |            25 |\n| C-    |            26 |\n| F     |            27 |\n| NULL  |           236 |\n+-------+---------------+\n13 rows in set (0.00 sec)\n</code></pre>"}]}